{
    "timestamps": [
        1769559750.4502096,
        1769559755.816862,
        1769559761.0277522,
        1769559766.3236942,
        1769559772.4887412,
        1769559777.9257019,
        1769559783.3066995,
        1769559788.8860414,
        1769559794.639861,
        1769559800.1450229,
        1769559805.5110269,
        1769559811.3498333,
        1769559816.8040433,
        1769559822.2380626
    ],
    "fd_avg_error": [
        1.3034531144043646e-16,
        0.0,
        0.0,
        2.346812960096696e-17,
        5.126370239638522e-17,
        0.0,
        2.2541731153541566e-17,
        7.048135467660145e-17,
        1.2461767910191294e-16,
        2.6630412219152117e-17,
        5.753020353313312e-17,
        3.96447423014372e-17,
        2.5323407386147694e-17,
        6.595792649949121e-17
    ],
    "bd_avg_error": [
        4.697932311004905e-16,
        8.469081619909439e-16,
        1.49496453734527e-15,
        1.8199042676846552e-15,
        7.497192045147683e-16,
        1.60684469261278e-15,
        1.166027344810747e-15,
        1.871994351868167e-15,
        6.315402854143654e-16,
        1.2904378726022037e-15,
        2.496067516644036e-15,
        2.0554823241405715e-15,
        1.5117981620298827e-15,
        1.5776808675078723e-15
    ],
    "sw_avg_error": [
        0.02716364215889679,
        0.054063967197161555,
        0.08187877102620866,
        0.11078555254248952,
        0.14838730329948963,
        0.0747483726269879,
        0.06431617059959442,
        0.16743041147381477,
        0.2522269987174656,
        0.3094223787834902,
        0.33989759249016477,
        0.3885115654483963,
        0.41829017737001556,
        0.44523872241317103
    ],
    "topk_accuracy_fd": [
        1.0,
        1.0,
        1.0,
        1.0,
        1.0,
        1.0,
        1.0,
        1.0,
        1.0,
        1.0,
        1.0,
        1.0,
        1.0,
        1.0
    ],
    "topk_accuracy_bd": [
        1.0,
        1.0,
        1.0,
        1.0,
        1.0,
        1.0,
        1.0,
        1.0,
        1.0,
        1.0,
        1.0,
        1.0,
        1.0,
        1.0
    ],
    "topk_accuracy_sw": [
        1.0,
        1.0,
        1.0,
        1.0,
        1.0,
        1.0,
        1.0,
        1.0,
        1.0,
        1.0,
        1.0,
        1.0,
        1.0,
        1.0
    ],
    "memory_fd": [
        832,
        958,
        993,
        998,
        1000,
        1000,
        1000,
        1000,
        1000,
        1000,
        1000,
        1000,
        1000,
        1000
    ],
    "memory_bd": [
        5000,
        10000,
        15000,
        20000,
        25000,
        30000,
        35000,
        40000,
        45000,
        50000,
        55000,
        60000,
        65000,
        70000
    ],
    "memory_sw": [
        5000,
        10000,
        15000,
        20000,
        25000,
        27407,
        27347,
        27076,
        26531,
        26469,
        27229,
        26795,
        27001,
        27019
    ],
    "fd_time": [
        1.530730538070202e-06,
        1.6940843779593707e-06,
        2.0339793059974907e-06,
        2.075770730152726e-06,
        2.2152027115225793e-06,
        2.294539287686348e-06,
        1.6404896508902311e-06,
        1.6825303435325623e-06,
        1.840747008100152e-06,
        1.831177668645978e-06,
        2.050205133855343e-06,
        1.5520432963967323e-06,
        1.917167566716671e-06,
        1.995789026841521e-06
    ],
    "bd_time": [
        9.828543290495872e-07,
        1.3220275286585092e-06,
        1.5276390127837658e-06,
        1.4533850364387036e-06,
        1.207350706681609e-06,
        1.1539301369339228e-06,
        1.4423559419810773e-06,
        1.9208746496587993e-06,
        1.1570375878363849e-06,
        1.4040845446288585e-06,
        1.5473369508981704e-06,
        1.0225020349025726e-06,
        1.2934159953147173e-06,
        2.052050782367587e-06
    ],
    "sw_time": [
        5.963679309934378e-06,
        1.2992442399263382e-05,
        1.8411500100046397e-05,
        2.5798396533355118e-05,
        2.384103946387768e-05,
        2.7249593660235404e-05,
        3.1230592355132106e-05,
        2.6248194323852657e-05,
        2.6572680147364735e-05,
        2.524784002453089e-05,
        2.885010363534093e-05,
        2.671367796137929e-05,
        3.335658498108387e-05,
        3.7089245347306135e-05
    ],
    "eps": [
        310.3595098190587,
        931.4048092890348,
        959.8450884780757,
        943.7315320242681,
        811.6004083791804,
        918.74900251549,
        928.9401238054106,
        895.3989776454678,
        868.8263425294098,
        909.1009976584435,
        931.9177860127013,
        855.5906778789744,
        918.1706148206251,
        919.690604649017
    ]
}