{
    "timestamps": [
        1769430840.831992,
        1769430845.932827,
        1769430851.049002,
        1769430856.367027,
        1769430861.794819,
        1769430869.125905,
        1769430874.4448912,
        1769430879.8277204
    ],
    "fd_avg_error": [
        0.02668939591329551,
        0.05354119073881355,
        0.08113143988481938,
        0.11140954903127509,
        0.14465096514079068,
        0.1999564513748775,
        0.23217477463965763,
        0.2668148669677978
    ],
    "bd_avg_error": [
        0.025779564623736255,
        0.049991202879427904,
        0.07320984883295559,
        0.09701485184874117,
        0.12145629006279139,
        0.15944398525731662,
        0.17825252003096903,
        0.19740644496501564
    ],
    "sw_avg_error": [
        0.0,
        0.025280769624215486,
        0.3463804448006592,
        0.5172264588242423,
        0.6270880816444605,
        0.7576030835155103,
        0.7829549212959337,
        0.7696253537349398
    ],
    "topk_accuracy_fd": [
        1.0,
        1.0,
        1.0,
        1.0,
        1.0,
        1.0,
        1.0,
        1.0
    ],
    "topk_accuracy_bd": [
        1.0,
        1.0,
        1.0,
        1.0,
        1.0,
        1.0,
        1.0,
        1.0
    ],
    "topk_accuracy_sw": [
        1.0,
        1.0,
        1.0,
        1.0,
        1.0,
        1.0,
        1.0,
        1.0
    ],
    "memory_fd": [
        848,
        960,
        986,
        996,
        998,
        1000,
        1000,
        1000
    ],
    "memory_bd": [
        5000,
        10000,
        15000,
        20000,
        25000,
        30000,
        35000,
        40000
    ],
    "memory_sw": [
        5000,
        9689,
        9783,
        9568,
        9256,
        7276,
        7749,
        9372
    ],
    "fd_time": [
        5.849095294252038e-07,
        1.2400669045746327e-06,
        1.9553526071831583e-06,
        1.8463658401742577e-06,
        2.591401431709528e-06,
        2.0201627630740403e-06,
        2.221209555864334e-06,
        2.2550263907760383e-06
    ],
    "bd_time": [
        3.213899675756693e-07,
        5.967886187136174e-07,
        9.818008868023754e-07,
        1.1059877928346396e-06,
        1.3373441761359573e-06,
        1.1385590303689242e-06,
        1.230416027829051e-06,
        1.3170103076845408e-06
    ],
    "sw_time": [
        1.1369328014552594e-06,
        3.348480607382953e-06,
        6.091546011157334e-06,
        6.347345560789108e-06,
        8.474821341224014e-06,
        7.129667024128139e-06,
        6.480905786156654e-06,
        7.501395768485964e-06
    ]
}