{
    "timestamps": [
        1768942846.74291,
        1768942852.0637255,
        1768942857.2528026,
        1768942862.506725,
        1768942868.3898146,
        1768942874.805914,
        1768942880.2649236,
        1768942885.9399626,
        1768942891.538935,
        1768942896.8379602,
        1768942902.4178474,
        1768942908.920876,
        1768942914.416864,
        1768942919.9018216,
        1768942925.5639331,
        1768942931.0686681,
        1768942937.8514335,
        1768942943.3914347,
        1768942949.1414695,
        1768942954.7363787,
        1768942960.4863968,
        1768942967.3785474,
        1768942972.9146726,
        1768942978.4816277,
        1768942984.2805624,
        1768942989.7006955,
        1768942995.3477492,
        1768943002.410895,
        1768943007.8569248,
        1768943013.6739283,
        1768943019.265887,
        1768943024.9164088,
        1768943031.3003347,
        1768943036.8934908
    ],
    "fd_avg_error": [
        0.026360539725834253,
        0.05468831822868161,
        0.08257356847723743,
        0.11316469908738677,
        0.15119539647588648,
        0.19517353257223896,
        0.22871985964127634,
        0.2677678940456961,
        0.30481846083682,
        0.34197587524425826,
        0.38355047558013255,
        0.4376572091752579,
        0.4821321067863934,
        0.5269958631195237,
        0.5775254169251294,
        0.6281808892299245,
        0.7006565311078533,
        0.7561541751835141,
        0.8161939022579267,
        0.8784837328990551,
        0.94290624176554,
        1.0345561987959155,
        1.099331867499695,
        1.170433967755744,
        1.2491816744418942,
        1.3233862915143852,
        1.4065792779935893,
        1.528496516859104,
        1.615472211724579,
        1.710221076441227,
        1.8081015255205162,
        1.9103063271560916,
        2.0366177053362744,
        2.1480809789518815
    ],
    "bd_avg_error": [
        0.02546600175482693,
        0.0509831173560432,
        0.0743460960100251,
        0.09837225412531597,
        0.12623864652150074,
        0.15579567319039528,
        0.1757850781219176,
        0.19791547198635767,
        0.21694025939847808,
        0.23493725449333613,
        0.25386762128738827,
        0.2771247855543993,
        0.2941717399157354,
        0.30991898668958373,
        0.32694418649603113,
        0.34269543868278884,
        0.3649853090411455,
        0.3792219407399977,
        0.39349094790955524,
        0.4076007724225682,
        0.42063511908257256,
        0.4402271407533527,
        0.45022897493343655,
        0.46135999858998816,
        0.47317676056159386,
        0.4829744407533689,
        0.49383835521442687,
        0.5109658019737182,
        0.5199371327554749,
        0.5286419326305255,
        0.5376678139127471,
        0.5462478267033154,
        0.5571172815727883,
        0.5651928206850125
    ],
    "sw_avg_error": [
        0.0,
        0.04406894173894536,
        0.3632407046072353,
        0.5246034311724764,
        0.6524371289228058,
        0.7327423687555918,
        0.7613360591880713,
        0.7800124483458962,
        0.798776278207531,
        0.8145929971174901,
        0.8378618247107494,
        0.8631117321333264,
        0.8576944245058051,
        0.8705922577124173,
        0.8819539365053896,
        0.8898934431969268,
        0.9087490783093713,
        0.9159271082284505,
        0.9080634672257313,
        0.912251682683522,
        0.9164581341255884,
        0.9299843794833015,
        0.9311060007910259,
        0.9241439909000763,
        0.9301537616168728,
        0.9314623370350466,
        0.934025699983321,
        0.9467998000715412,
        0.9413725619036528,
        0.9401322249040369,
        0.9427293100058094,
        0.9453236552525979,
        0.948985823341346,
        0.9518709182888994
    ],
    "topk_accuracy_fd": [
        1.0,
        1.0,
        1.0,
        1.0,
        1.0,
        1.0,
        1.0,
        1.0,
        1.0,
        1.0,
        1.0,
        1.0,
        1.0,
        1.0,
        1.0,
        1.0,
        1.0,
        1.0,
        1.0,
        1.0,
        1.0,
        1.0,
        1.0,
        1.0,
        1.0,
        1.0,
        1.0,
        1.0,
        1.0,
        1.0,
        1.0,
        1.0,
        1.0,
        1.0
    ],
    "topk_accuracy_bd": [
        1.0,
        1.0,
        1.0,
        1.0,
        1.0,
        1.0,
        1.0,
        1.0,
        1.0,
        1.0,
        1.0,
        1.0,
        1.0,
        1.0,
        1.0,
        1.0,
        1.0,
        1.0,
        1.0,
        1.0,
        1.0,
        1.0,
        1.0,
        1.0,
        1.0,
        1.0,
        1.0,
        1.0,
        1.0,
        1.0,
        1.0,
        1.0,
        1.0,
        1.0
    ],
    "topk_accuracy_sw": [
        1.0,
        1.0,
        1.0,
        1.0,
        1.0,
        1.0,
        1.0,
        1.0,
        1.0,
        1.0,
        1.0,
        1.0,
        1.0,
        1.0,
        1.0,
        1.0,
        1.0,
        1.0,
        1.0,
        1.0,
        1.0,
        1.0,
        1.0,
        1.0,
        1.0,
        1.0,
        1.0,
        1.0,
        1.0,
        1.0,
        1.0,
        1.0,
        1.0,
        1.0
    ],
    "memory_fd": [
        835,
        963,
        992,
        999,
        1000,
        1000,
        1000,
        1000,
        1000,
        1000,
        1000,
        1000,
        1000,
        1000,
        1000,
        1000,
        1000,
        1000,
        1000,
        1000,
        1000,
        1000,
        1000,
        1000,
        1000,
        1000,
        1000,
        1000,
        1000,
        1000,
        1000,
        1000,
        1000,
        1000
    ],
    "memory_bd": [
        5000,
        10000,
        15000,
        20000,
        25000,
        30000,
        35000,
        40000,
        45000,
        50000,
        55000,
        60000,
        65000,
        70000,
        75000,
        80000,
        85000,
        90000,
        95000,
        100000,
        105000,
        110000,
        115000,
        120000,
        125000,
        130000,
        135000,
        140000,
        145000,
        150000,
        155000,
        160000,
        165000,
        170000
    ],
    "memory_sw": [
        5000,
        9507,
        9538,
        9606,
        8908,
        8099,
        8233,
        8948,
        8996,
        9135,
        9136,
        8037,
        9195,
        9105,
        8922,
        8992,
        7823,
        7860,
        8853,
        8967,
        8813,
        7732,
        7800,
        9030,
        8790,
        8995,
        9024,
        7601,
        8778,
        8844,
        8751,
        8825,
        8259,
        8156
    ]
}