{
    "timestamps": [
        1768294837.769315,
        1768294838.269315,
        1768294838.769315,
        1768294839.269315,
        1768294839.769315,
        1768294840.269315,
        1768294840.769315,
        1768294841.269315,
        1768294841.769315,
        1768294842.269315
    ],
    "fd_error": [
        0.002576509226218111,
        0.005038883100013078,
        0.0075051012098808975,
        0.009974709383984232,
        0.0124788775710983,
        0.01504551619095896,
        0.01761939901754488,
        0.02014024515480911,
        0.02267899785184484,
        0.025219262564971704
    ],
    "bd_error": [
        0.002567779955200823,
        0.005005260027747006,
        0.007430341161802952,
        0.009842801291742852,
        0.012273453522127989,
        0.01474887777392475,
        0.01721465233793899,
        0.019612290017958684,
        0.02201150197691,
        0.024395892496822898
    ],
    "sw_error": [
        0.0,
        0.0,
        0.0,
        0.0,
        0.0,
        0.0,
        0.0,
        0.0,
        0.0,
        0.0
    ],
    "fd_avg_error": [
        0.0024362299257345934,
        0.0050807320140099956,
        0.00758452878278032,
        0.01004576349032605,
        0.012575446905940146,
        0.015056093597640149,
        0.017590738253626677,
        0.020199813605547002,
        0.022778210936668757,
        0.025330539575448025
    ],
    "bd_avg_error": [
        0.00242828416638128,
        0.00504706533292796,
        0.0075087395941012105,
        0.0099124101244658,
        0.012367298639897623,
        0.014758183773109126,
        0.017185929671105,
        0.019669762464064194,
        0.0221066774104687,
        0.02450193958918243
    ],
    "sw_avg_error": [
        0.0,
        0.0,
        0.0,
        0.0,
        0.0,
        0.0,
        0.0,
        0.0,
        0.0,
        0.0
    ],
    "topk_accuracy_fd": [
        1.0,
        1.0,
        1.0,
        1.0,
        1.0,
        1.0,
        1.0,
        1.0,
        1.0,
        1.0
    ],
    "topk_accuracy_bd": [
        1.0,
        1.0,
        1.0,
        1.0,
        1.0,
        1.0,
        1.0,
        1.0,
        1.0,
        1.0
    ],
    "topk_accuracy_sw": [
        1.0,
        1.0,
        1.0,
        1.0,
        1.0,
        1.0,
        1.0,
        1.0,
        1.0,
        1.0
    ],
    "memory_fd": [
        526,
        721,
        819,
        885,
        922,
        943,
        958,
        967,
        972,
        978
    ],
    "memory_bd": [
        5000,
        10000,
        15000,
        20000,
        25000,
        30000,
        35000,
        40000,
        45000,
        50000
    ],
    "memory_sw": [
        5000,
        10000,
        15000,
        20000,
        25000,
        30000,
        35000,
        40000,
        45000,
        50000
    ],
    "fd_time": [
        2.08965502679348e-07,
        2.9098009690642357e-07,
        2.500019036233425e-07,
        3.3300602808594704e-07,
        2.9103830456733704e-07,
        3.750319592654705e-07,
        3.7497375160455704e-07,
        3.33995558321476e-07,
        3.3300602808594704e-07,
        2.92027834802866e-07
    ],
    "bd_time": [
        8.300412446260452e-08,
        1.2497184798121452e-07,
        1.25030055642128e-07,
        1.25030055642128e-07,
        1.25030055642128e-07,
        1.66997779160738e-07,
        1.25030055642128e-07,
        1.2497184798121452e-07,
        1.66997779160738e-07,
        1.25030055642128e-07
    ],
    "sw_time": [
        1.1249794624745846e-06,
        1.915963366627693e-06,
        1.8329592421650887e-06,
        5.829497240483761e-07,
        1.2909877113997936e-06,
        1.5041965525597334e-05,
        1.0500021744519472e-05,
        9.334005881100893e-06,
        2.19999928958714e-05,
        1.1500029359012842e-05
    ]
}