{
    "timestamps": [
        1764770120.191353,
        1764770120.691353,
        1764770121.191353,
        1764770121.691353,
        1764770122.191353,
        1764770122.691353,
        1764770123.191353,
        1764770123.691353,
        1764770124.191353,
        1764770124.691353
    ],
    "fd_error": [
        0.002503368170441018,
        0.005053151355557496,
        0.007646670206505476,
        0.01013912971306932,
        0.012551310958349951,
        0.015036821711792303,
        0.01758937912329037,
        0.02011194862833314,
        0.02268501637483828,
        0.02511231594718451
    ],
    "bd_error": [
        0.002495047864693474,
        0.005019416814052858,
        0.007570060382899777,
        0.010003940381943714,
        0.012343123699691448,
        0.014738697060592658,
        0.017184171226169245,
        0.01958379753995372,
        0.022016771590897013,
        0.02429258984083025
    ],
    "sw_error": [
        0.0,
        0.0,
        0.0,
        0.0,
        0.0,
        0.0,
        0.0,
        0.0,
        0.0,
        0.0
    ],
    "fd_avg_error": [
        0.0024650577170886997,
        0.005041373312438492,
        0.007677250283147342,
        0.01015652394634268,
        0.012652512793012428,
        0.015226721510265434,
        0.017786840996708447,
        0.020277067215945202,
        0.022822268860530338,
        0.025313250384032326
    ],
    "bd_avg_error": [
        0.002456889407303643,
        0.005007890473567577,
        0.00760064551085695,
        0.01002136572982053,
        0.012442510676555388,
        0.014924081630403532,
        0.017375141757183108,
        0.019741990013012783,
        0.022146407442322498,
        0.02448250686136447
    ],
    "sw_avg_error": [
        0.0,
        0.0,
        0.0,
        0.0,
        0.0,
        0.0,
        0.0,
        0.0,
        0.0,
        0.0
    ],
    "topk_accuracy_fd": [
        1.0,
        1.0,
        1.0,
        1.0,
        1.0,
        1.0,
        1.0,
        1.0,
        1.0,
        1.0
    ],
    "topk_accuracy_bd": [
        1.0,
        1.0,
        1.0,
        1.0,
        1.0,
        1.0,
        1.0,
        1.0,
        1.0,
        1.0
    ],
    "topk_accuracy_sw": [
        1.0,
        1.0,
        1.0,
        1.0,
        1.0,
        1.0,
        1.0,
        1.0,
        1.0,
        1.0
    ],
    "memory_fd": [
        509,
        687,
        801,
        853,
        901,
        931,
        946,
        964,
        975,
        980
    ],
    "memory_bd": [
        5000,
        10000,
        15000,
        20000,
        25000,
        30000,
        35000,
        40000,
        45000,
        50000
    ],
    "memory_sw": [
        5000,
        10000,
        15000,
        20000,
        25000,
        30000,
        35000,
        40000,
        45000,
        50000
    ],
    "fd_time": [
        1.300126314163208e-06,
        7.00121745467186e-07,
        1.200009137392044e-06,
        1.700129359960556e-06,
        1.400010660290718e-06,
        1.2998934835195541e-06,
        1.800013706088066e-06,
        1.200009137392044e-06,
        2.00001522898674e-06,
        2.09989957511425e-06
    ],
    "bd_time": [
        6.00004568696022e-07,
        2.998858690261841e-07,
        4.00003045797348e-07,
        5.00120222568512e-07,
        4.00003045797348e-07,
        4.00003045797348e-07,
        6.998889148235321e-07,
        4.998873919248581e-07,
        1.400010660290718e-06,
        4.998873919248581e-07
    ],
    "sw_time": [
        2.1200161427259445e-05,
        2.00001522898674e-06,
        5.7998113334178925e-06,
        3.9599835872650146e-05,
        5.979998968541622e-05,
        5.1999930292367935e-05,
        7.6000578701496124e-06,
        0.00015059998258948326,
        1.8999911844730377e-05,
        4.950002767145634e-05
    ]
}