{
    "timestamps": [
        1764770120.191353,
        1764770120.691353,
        1764770121.191353,
        1764770121.691353,
        1764770122.191353,
        1764770122.691353,
        1764770123.191353,
        1764770123.691353,
        1764770124.191353,
        1764770124.691353
    ],
    "fd_error": [
        0.002503368170441018,
        0.005053151355557496,
        0.007646670206505476,
        0.01013912971306932,
        0.012551310958349951,
        0.015036821711792303,
        0.01758937912329037,
        0.02011194862833314,
        0.02268501637483828,
        0.02511231594718451
    ],
    "bd_error": [
        0.002495047864693474,
        0.005019416814052858,
        0.007570060382899777,
        0.010003940381943714,
        0.012343123699691448,
        0.014738697060592658,
        0.017184171226169245,
        0.01958379753995372,
        0.022016771590897013,
        0.02429258984083025
    ],
    "sw_error": [
        0.0,
        0.0,
        0.0,
        0.0,
        0.0,
        0.0,
        0.0,
        0.0,
        0.0,
        0.0
    ],
    "fd_avg_error": [
        0.0024650577170886997,
        0.005041373312438492,
        0.007677250283147342,
        0.01015652394634268,
        0.012652512793012428,
        0.015226721510265434,
        0.017786840996708447,
        0.020277067215945202,
        0.022822268860530338,
        0.025313250384032326
    ],
    "bd_avg_error": [
        0.002456889407303643,
        0.005007890473567577,
        0.00760064551085695,
        0.01002136572982053,
        0.012442510676555388,
        0.014924081630403532,
        0.017375141757183108,
        0.019741990013012783,
        0.022146407442322498,
        0.02448250686136447
    ],
    "sw_avg_error": [
        0.0,
        0.0,
        0.0,
        0.0,
        0.0,
        0.0,
        0.0,
        0.0,
        0.0,
        0.0
    ],
    "topk_accuracy_fd": [
        1.0,
        1.0,
        1.0,
        1.0,
        1.0,
        1.0,
        1.0,
        1.0,
        1.0,
        1.0
    ],
    "topk_accuracy_bd": [
        1.0,
        1.0,
        1.0,
        1.0,
        1.0,
        1.0,
        1.0,
        1.0,
        1.0,
        1.0
    ],
    "topk_accuracy_sw": [
        1.0,
        1.0,
        1.0,
        1.0,
        1.0,
        1.0,
        1.0,
        1.0,
        1.0,
        1.0
    ],
    "memory_fd": [
        509,
        687,
        801,
        853,
        901,
        931,
        946,
        964,
        975,
        980
    ],
    "memory_bd": [
        5000,
        10000,
        15000,
        20000,
        25000,
        30000,
        35000,
        40000,
        45000,
        50000
    ],
    "memory_sw": [
        5000,
        10000,
        15000,
        20000,
        25000,
        30000,
        35000,
        40000,
        45000,
        50000
    ],
    "fd_time": [
        1.300009898841381e-06,
        2.00001522898674e-06,
        2.00001522898674e-06,
        4.500034265220165e-06,
        2.6999041438102722e-06,
        3.00002284348011e-06,
        7.70005863159895e-06,
        1.800013706088066e-06,
        1.8300022929906845e-05,
        0.00020700006280094385
    ],
    "bd_time": [
        7.00005330145359e-07,
        7.00005330145359e-07,
        8.00006091594696e-07,
        1.100008375942707e-06,
        1.200009137392044e-06,
        9.998911991715431e-07,
        2.00001522898674e-06,
        8.00006091594696e-07,
        1.3998942449688911e-06,
        1.6998965293169022e-06
    ],
    "sw_time": [
        1.1300086043775082e-05,
        3.0999071896076202e-06,
        9.599956683814526e-06,
        0.00010359997395426035,
        9.270000737160444e-05,
        7.260008715093136e-05,
        1.7300015315413475e-05,
        0.00010760000441223383,
        0.0001425000373274088,
        0.000112100038677454
    ]
}